Week,Campaign status,Campaign,Currency code,Budget,Budget type,Campaign type,Impr.,Interactions,Interaction rate,Cost,Conversions,Conv. value,Conv. value / cost,Conv. rate,Avg. session duration (seconds),Avg. CPC,Cost / conv.,Bid strategy type
7/8/2019,Enabled,Collection A V2,USD,300,Daily,Search,630,42,6.67%,31.5,0,0,0,0.00%,75,0.75,0,Manual CPC
4/29/2019,Enabled,Collection A V2,USD,300,Daily,Search,"1,212",36,2.97%,25.56,0,0,0,0.00%,48,0.71,0,Manual CPC
4/8/2019,Enabled,Collection A V2,USD,300,Daily,Search,966,42,4.35%,33.66,0,0,0,0.00%,10,0.8,0,Manual CPC
4/15/2019,Enabled,Collection A V2,USD,300,Daily,Search,"1,044",60,5.75%,41.94,0,0,0,0.00%,77,0.7,0,Manual CPC
4/22/2019,Enabled,Collection A V2,USD,300,Daily,Search,"1,338",54,4.04%,37.8,0,0,0,0.00%,81,0.7,0,Manual CPC
5/13/2019,Enabled,Collection A V2,USD,300,Daily,Search,684,72,10.53%,54.36,6,5099.88,102.16,9.09%,339,0.76,8.32,Manual CPC
5/20/2019,Enabled,Collection A V2,USD,300,Daily,Search,528,24,4.55%,19.02,0,0,0,0.00%,46,0.79,0,Manual CPC
5/27/2019,Enabled,Collection A V2,USD,300,Daily,Search,696,30,4.31%,19.2,0,0,0,0.00%,421,0.64,0,Manual CPC
6/3/2019,Enabled,Collection A V2,USD,300,Daily,Search,630,30,4.76%,23.04,0,0,0,0.00%,291,0.77,0,Manual CPC
6/10/2019,Enabled,Collection A V2,USD,300,Daily,Search,666,18,2.70%,11.04,0,0,0,0.00%,62,0.61,0,Manual CPC
6/17/2019,Enabled,Collection A V2,USD,300,Daily,Search,684,18,2.63%,14.16,0,0,0,0.00%,10,0.79,0,Manual CPC
6/24/2019,Enabled,Collection A V2,USD,300,Daily,Search,954,66,6.92%,48.18,0,0,0,0.00%,41,0.73,0,Manual CPC
4/1/2019,Enabled,Collection A V2,USD,300,Daily,Search,"1,368",54,3.95%,39.42,0,0,0,0.00%,44,0.73,0,Manual CPC
5/6/2019,Enabled,Collection A V2,USD,300,Daily,Search,828,72,8.70%,54.9,0,0,0,0.00%,216,0.76,0,Manual CPC
7/1/2019,Enabled,Collection A V2,USD,300,Daily,Search,864,24,2.78%,17.64,0,0,0,0.00%,102,0.74,0,Manual CPC
5/13/2019,Enabled,Collection A V3,USD,300,Daily,Search,"4,074",282,6.92%,235.14,0,0,0,0.00%,103,0.83,0,Manual CPC
5/27/2019,Enabled,Collection A V3,USD,300,Daily,Search,"4,752",168,3.54%,154.32,0,0,0,0.00%,160,0.92,0,Manual CPC
7/8/2019,Enabled,Collection A V3,USD,300,Daily,Search,"2,814",174,6.18%,154.08,0,0,0,0.00%,274,0.89,0,Manual CPC
4/15/2019,Enabled,Collection A V3,USD,300,Daily,Search,"5,244",276,5.26%,221.76,0,0,0,0.00%,256,0.8,0,Manual CPC
4/22/2019,Enabled,Collection A V3,USD,300,Daily,Search,"6,300",402,6.38%,298.02,0,0,0,0.00%,202,0.74,0,Manual CPC
4/29/2019,Enabled,Collection A V3,USD,300,Daily,Search,"7,278",414,5.69%,305.04,0,0,0,0.00%,116,0.74,0,Manual CPC
5/20/2019,Enabled,Collection A V3,USD,300,Daily,Search,"3,984",216,5.42%,172.98,0,0,0,0.00%,89,0.8,0,Manual CPC
6/17/2019,Enabled,Collection A V3,USD,300,Daily,Search,"5,250",222,4.23%,187.32,6,7109.64,37.95,2.70%,136,0.84,31.22,Manual CPC
6/24/2019,Enabled,Collection A V3,USD,300,Daily,Search,"3,540",180,5.08%,145.98,0,0,0,0.00%,146,0.81,0,Manual CPC
4/1/2019,Enabled,Collection A V3,USD,300,Daily,Search,"7,044",480,6.81%,406.26,3,2646,6.93,0.67%,147,0.85,127.34,Manual CPC
4/8/2019,Enabled,Collection A V3,USD,300,Daily,Search,"6,726",396,5.89%,308.64,0,0,0,0.00%,135,0.78,0,Manual CPC
5/6/2019,Enabled,Collection A V3,USD,300,Daily,Search,"3,696",210,5.68%,151.62,0,0,0,0.00%,231,0.72,0,Manual CPC
7/1/2019,Enabled,Collection A V3,USD,300,Daily,Search,"3,804",258,6.78%,231.66,6,6539.76,28.23,2.33%,265,0.9,38.61,Manual CPC
6/3/2019,Enabled,Collection A V3,USD,300,Daily,Search,"4,098",186,4.54%,166.8,0,0,0,0.00%,230,0.9,0,Manual CPC
6/10/2019,Enabled,Collection A V3,USD,300,Daily,Search,"3,960",162,4.09%,134.76,0,0,0,0.00%,154,0.83,0,Manual CPC
4/8/2019,Enabled,Collection A V4,USD,300,Daily,Search,"9,756",894,9.16%,672.06,6,6749.76,11.64,0.77%,133,0.75,96.63,Manual CPC
5/6/2019,Enabled,Collection A V4,USD,300,Daily,Search,"11,316","1,026",9.07%,1338.42,15,9059.7,7.51,1.62%,189,1.3,80.46,Manual CPC
5/27/2019,Enabled,Collection A V4,USD,300,Daily,Search,"11,478","1,122",9.78%,1900.08,1.98,1979.94,1.13,0.20%,162,1.69,876.63,Manual CPC
6/17/2019,Enabled,Collection A V4,USD,300,Daily,Search,"11,298","1,278",11.31%,2299.62,6,6059.82,2.64,0.47%,137,1.8,383.27,Manual CPC
6/24/2019,Enabled,Collection A V4,USD,300,Daily,Search,"9,546","1,020",10.69%,1881.54,0,0,0,0.00%,84,1.84,0,Manual CPC
7/1/2019,Enabled,Collection A V4,USD,300,Daily,Search,"9,930","1,182",11.90%,2116.86,6,7379.76,3.49,0.51%,125,1.79,352.81,Manual CPC
5/20/2019,Enabled,Collection A V4,USD,300,Daily,Search,"11,838","1,116",9.43%,1669.92,12,1829.82,1.22,1.21%,165,1.5,124.74,Manual CPC
7/8/2019,Enabled,Collection A V4,USD,300,Daily,Search,"7,872",768,9.76%,1536.96,0,0,0,0.00%,190,2,0,Manual CPC
4/1/2019,Enabled,Collection A V4,USD,300,Daily,Search,"9,732",828,8.51%,588.36,6,539.94,1,0.79%,118,0.71,90.07,Manual CPC
4/22/2019,Enabled,Collection A V4,USD,300,Daily,Search,"9,702",774,7.98%,623.64,10.98,7264.8,12.34,1.50%,91,0.81,53.5,Manual CPC
4/29/2019,Enabled,Collection A V4,USD,300,Daily,Search,"10,686",942,8.82%,935.7,15.6,19355.64,22.35,1.77%,204,0.99,55.51,Manual CPC
5/13/2019,Enabled,Collection A V4,USD,300,Daily,Search,"11,052","1,116",10.10%,1731.36,3.6,2879.94,1.82,0.35%,166,1.55,440.2,Manual CPC
4/15/2019,Enabled,Collection A V4,USD,300,Daily,Search,"8,190",750,9.16%,591.84,13.98,24582.66,44.09,1.98%,113,0.79,39.82,Manual CPC
6/3/2019,Enabled,Collection A V4,USD,300,Daily,Search,"11,226","1,260",11.22%,2087.16,0,0,0,0.00%,164,1.66,0,Manual CPC
6/10/2019,Enabled,Collection A V4,USD,300,Daily,Search,"12,222","1,296",10.60%,2188.38,12,13829.28,6.32,0.93%,170,1.69,182.37,Manual CPC
4/1/2019,Enabled,Collection A V5,USD,300,Daily,Search,522,24,4.60%,27.84,0,0,0,0.00%,97,1.16,0,Manual CPC
4/8/2019,Enabled,Collection A V5,USD,300,Daily,Search,450,18,4.00%,20.04,0,0,0,0.00%,146,1.11,0,Manual CPC
5/27/2019,Enabled,Collection A V5,USD,300,Daily,Search,804,42,5.22%,50.1,0,0,0,0.00%,36,1.19,0,Manual CPC
7/1/2019,Enabled,Collection A V5,USD,300,Daily,Search,756,18,2.38%,24,0,0,0,0.00%,38,1.33,0,Manual CPC
4/15/2019,Enabled,Collection A V5,USD,300,Daily,Search,342,0,0.00%,0,0,0,0,0.00%,87, --,0,Manual CPC
4/22/2019,Enabled,Collection A V5,USD,300,Daily,Search,594,30,5.05%,31.5,0,0,0,0.00%,177,1.05,0,Manual CPC
4/29/2019,Enabled,Collection A V5,USD,300,Daily,Search,528,12,2.27%,14.22,0,0,0,0.00%,193,1.19,0,Manual CPC
5/13/2019,Enabled,Collection A V5,USD,300,Daily,Search,666,30,4.50%,35.58,0,0,0,0.00%,76,1.19,0,Manual CPC
5/20/2019,Enabled,Collection A V5,USD,300,Daily,Search,684,12,1.75%,18.36,0,0,0,0.00%,326,1.53,0,Manual CPC
6/3/2019,Enabled,Collection A V5,USD,300,Daily,Search,582,12,2.06%,17.28,0,0,0,0.00%,0,1.44,0,Manual CPC
6/10/2019,Enabled,Collection A V5,USD,300,Daily,Search,564,12,2.13%,16.68,0,0,0,0.00%,0,1.39,0,Manual CPC
6/17/2019,Enabled,Collection A V5,USD,300,Daily,Search,816,24,2.94%,28.32,0,0,0,0.00%,88,1.18,0,Manual CPC
6/24/2019,Enabled,Collection A V5,USD,300,Daily,Search,840,60,7.14%,75.42,0,0,0,0.00%,189,1.26,0,Manual CPC
7/8/2019,Enabled,Collection A V5,USD,300,Daily,Search,828,0,0.00%,0,0,0,0,0.00%, --, --,0,Manual CPC
5/6/2019,Enabled,Collection A V5,USD,300,Daily,Search,882,48,5.44%,61.26,0,0,0,0.00%,106,1.28,0,Manual CPC
4/29/2019,Enabled,Collection D,USD,300,Daily,Search,"1,590",126,7.92%,85.5,0,0,0,0.00%,43,0.68,0,Manual CPC
4/1/2019,Enabled,Collection D,USD,300,Daily,Search,"1,782",90,5.05%,60.9,0,0,0,0.00%,244,0.68,0,Manual CPC
4/8/2019,Enabled,Collection D,USD,300,Daily,Search,"2,106",120,5.70%,78.84,0,0,0,0.00%,214,0.66,0,Manual CPC
5/13/2019,Enabled,Collection D,USD,300,Daily,Search,"1,074",72,6.70%,49.5,0,0,0,0.00%,166,0.69,0,Manual CPC
5/20/2019,Enabled,Collection D,USD,300,Daily,Search,"1,278",78,6.10%,51.48,0,0,0,0.00%,112,0.66,0,Manual CPC
5/27/2019,Enabled,Collection D,USD,300,Daily,Search,"1,560",132,8.46%,96.78,0,0,0,0.00%,149,0.73,0,Manual CPC
6/3/2019,Enabled,Collection D,USD,300,Daily,Search,"1,032",48,4.65%,35.82,0,0,0,0.00%,78,0.75,0,Manual CPC
6/10/2019,Enabled,Collection D,USD,300,Daily,Search,870,60,6.90%,44.4,0,0,0,0.00%,60,0.74,0,Manual CPC
4/22/2019,Enabled,Collection D,USD,300,Daily,Search,"1,608",54,3.36%,37.08,0,0,0,0.00%,99,0.69,0,Manual CPC
5/6/2019,Enabled,Collection D,USD,300,Daily,Search,"1,140",120,10.53%,76.44,0,0,0,0.00%,23,0.64,0,Manual CPC
4/15/2019,Enabled,Collection D,USD,300,Daily,Search,"1,644",90,5.47%,63.24,0,0,0,0.00%,86,0.7,0,Manual CPC
6/17/2019,Enabled,Collection D,USD,300,Daily,Search,"1,110",84,7.57%,60.6,0,0,0,0.00%,52,0.72,0,Manual CPC
6/24/2019,Enabled,Collection D,USD,300,Daily,Search,"1,002",42,4.19%,30.84,0,0,0,0.00%,38,0.73,0,Manual CPC
7/1/2019,Enabled,Collection D,USD,300,Daily,Search,"1,122",60,5.35%,44.52,0,0,0,0.00%,395,0.74,0,Manual CPC
7/8/2019,Enabled,Collection D,USD,300,Daily,Search,870,36,4.14%,27.42,0,0,0,0.00%,41,0.76,0,Manual CPC
4/1/2019,Enabled,Collection A,USD,300,Daily,Search,222,30,13.51%,26.04,0,0,0,0.00%,212,0.87,0,Manual CPC
4/22/2019,Enabled,Collection A,USD,300,Daily,Search,228,30,13.16%,14.82,0,0,0,0.00%,252,0.49,0,Manual CPC
5/6/2019,Enabled,Collection A,USD,300,Daily,Search,204,12,5.88%,2.04,0,0,0,0.00%,216,0.17,0,Manual CPC
5/13/2019,Enabled,Collection A,USD,300,Daily,Search,222,0,0.00%,0,0,0,0,0.00%, --, --,0,Manual CPC
6/3/2019,Enabled,Collection A,USD,300,Daily,Search,144,30,20.83%,23.16,0,0,0,0.00%,36,0.77,0,Manual CPC
6/17/2019,Enabled,Collection A,USD,300,Daily,Search,258,24,9.30%,29.46,0,0,0,0.00%,556,1.23,0,Manual CPC
4/15/2019,Enabled,Collection A,USD,300,Daily,Search,216,0,0.00%,0,0,0,0,0.00%, --, --,0,Manual CPC
6/24/2019,Enabled,Collection A,USD,300,Daily,Search,174,6,3.45%,8.28,0,0,0,0.00%,583,1.38,0,Manual CPC
4/8/2019,Enabled,Collection A,USD,300,Daily,Search,324,30,9.26%,26.94,0,0,0,0.00%,125,0.9,0,Manual CPC
5/27/2019,Enabled,Collection A,USD,300,Daily,Search,264,12,4.55%,14.46,3,3059.88,211.61,25.00%,849,1.21,4.82,Manual CPC
6/10/2019,Enabled,Collection A,USD,300,Daily,Search,114,18,15.79%,23.22,0,0,0,0.00%,39,1.29,0,Manual CPC
7/8/2019,Enabled,Collection A,USD,300,Daily,Search,150,36,24.00%,31.26,0,0,0,0.00%,135,0.87,0,Manual CPC
4/29/2019,Enabled,Collection A,USD,300,Daily,Search,264,36,13.64%,9.24,0,0,0,0.00%,576,0.26,0,Manual CPC
5/20/2019,Enabled,Collection A,USD,300,Daily,Search,186,18,9.68%,14.22,0,0,0,0.00%,21,0.79,0,Manual CPC
7/1/2019,Enabled,Collection A,USD,300,Daily,Search,276,42,15.22%,40.14,0,0,0,0.00%,112,0.96,0,Manual CPC
4/22/2019,Enabled,Collection A V6,USD,300,Daily,Search,"11,466",780,6.80%,861.06,6,449.94,0.55,0.83%,172,1.1,135.52,Manual CPC
5/27/2019,Enabled,Collection A V6,USD,300,Daily,Search,"74,334","2,232",3.00%,3129.42,3,300,0.11,0.15%,161,1.4,937.92,Manual CPC
7/1/2019,Enabled,Collection A V6,USD,300,Daily,Search,"32,874","1,362",4.14%,2131.08,12,5357.94,2.51,0.88%,119,1.56,177.59,Manual CPC
4/1/2019,Enabled,Collection A V6,USD,300,Daily,Search,"11,442",564,4.93%,648.48,0,0,0,0.00%,235,1.15,0,Manual CPC
4/8/2019,Enabled,Collection A V6,USD,300,Daily,Search,"12,570",678,5.39%,844.14,12,10919.7,13.79,1.89%,156,1.25,65.98,Manual CPC
4/29/2019,Enabled,Collection A V6,USD,300,Daily,Search,"9,834",414,4.21%,417.24,3,5244,13.21,0.79%,212,1.01,132.34,Manual CPC
5/13/2019,Enabled,Collection A V6,USD,300,Daily,Search,"79,332","2,550",3.21%,2999.52,20.4,7331.7,2.65,0.88%,127,1.18,135.61,Manual CPC
6/17/2019,Enabled,Collection A V6,USD,300,Daily,Search,"53,814","1,734",3.22%,2846.22,2.76,2554.92,0.9,0.16%,79,1.64,1034.99,Manual CPC
7/8/2019,Enabled,Collection A V6,USD,300,Daily,Search,"23,412",888,3.79%,1527.48,0,0,0,0.00%,71,1.72,0,Manual CPC
4/15/2019,Enabled,Collection A V6,USD,300,Daily,Search,"10,182",684,6.72%,815.52,0,0,0,0.00%,181,1.19,0,Manual CPC
5/6/2019,Enabled,Collection A V6,USD,300,Daily,Search,"132,156","4,998",3.78%,5285.1,27,2939.7,0.64,0.62%,119,1.06,169.7,Manual CPC
5/20/2019,Enabled,Collection A V6,USD,300,Daily,Search,"80,268","2,478",3.09%,3336.84,0,0,0,0.00%,93,1.35,0,Manual CPC
6/10/2019,Enabled,Collection A V6,USD,300,Daily,Search,"61,860","2,148",3.47%,3338.28,18,11279.7,3.38,0.84%,70,1.55,185.46,Manual CPC
6/3/2019,Enabled,Collection A V6,USD,300,Daily,Search,"76,578","2,250",2.94%,3341.88,9,6209.82,1.92,0.41%,84,1.49,359.79,Manual CPC
6/24/2019,Enabled,Collection A V6,USD,300,Daily,Search,"37,416","1,290",3.45%,2078.46,0,0,0,0.00%,88,1.61,0,Manual CPC
4/1/2019,Enabled,Collection A V7,USD,600,Daily,Search,"17,652","1,050",5.95%,1010.04,6,6509.76,6.87,0.61%,130,0.96,157.92,Manual CPC
5/20/2019,Enabled,Collection A V7,USD,600,Daily,Search,"21,918","1,452",6.62%,1949.1,12,11819.64,6.47,0.88%,154,1.34,152.31,Manual CPC
6/10/2019,Enabled,Collection A V7,USD,600,Daily,Search,"26,856","1,836",6.84%,3069.24,3.06,2878.26,0.94,0.17%,115,1.67,995.43,Manual CPC
6/24/2019,Enabled,Collection A V7,USD,600,Daily,Search,"27,816","1,686",6.06%,2933.64,0.78,735,0.25,0.04%,126,1.74,3911.52,Manual CPC
7/8/2019,Enabled,Collection A V7,USD,600,Daily,Search,"20,184","1,248",6.18%,2301.54,0,0,0,0.00%,118,1.84,0,Manual CPC
4/29/2019,Enabled,Collection A V7,USD,600,Daily,Search,"19,482","1,140",5.85%,1174.92,0,0,0,0.00%,147,1.03,0,Manual CPC
5/13/2019,Enabled,Collection A V7,USD,600,Daily,Search,"18,408","1,272",6.91%,1479,14.88,13551,9.65,1.23%,137,1.16,94.51,Manual CPC
5/27/2019,Enabled,Collection A V7,USD,600,Daily,Search,"25,326","1,338",5.28%,1941.12,19.2,20351.34,10.91,1.49%,139,1.45,97.15,Manual CPC
6/3/2019,Enabled,Collection A V7,USD,600,Daily,Search,"25,530","1,542",6.04%,2511.6,1.98,1934.94,0.78,0.13%,138,1.63,1275.72,Manual CPC
6/17/2019,Enabled,Collection A V7,USD,600,Daily,Search,"28,476","1,734",6.09%,2981.52,3.24,3024.96,1.01,0.19%,133,1.72,917.39,Manual CPC
4/8/2019,Enabled,Collection A V7,USD,600,Daily,Search,"16,926",942,5.57%,831.54,4.02,4599.84,5.92,0.45%,172,0.88,194.28,Manual CPC
4/15/2019,Enabled,Collection A V7,USD,600,Daily,Search,"13,620",804,5.90%,720.12,7.02,12419.76,18.74,0.95%,142,0.9,94.7,Manual CPC
4/22/2019,Enabled,Collection A V7,USD,600,Daily,Search,"16,302","1,074",6.59%,938.76,2.46,4887.6,5.47,0.24%,154,0.87,362.87,Manual CPC
5/6/2019,Enabled,Collection A V7,USD,600,Daily,Search,"18,186",966,5.31%,1090.92,19.98,24789.3,23.48,2.14%,196,1.13,52.79,Manual CPC
7/1/2019,Enabled,Collection A V7,USD,600,Daily,Search,"28,458","1,854",6.51%,3236.04,9,6750,2.09,0.49%,166,1.75,359.56,Manual CPC
5/20/2019,Enabled,Collection A V8,USD,300,Daily,Search,"2,076",258,12.43%,269.04,0,0,0,0.00%,180,1.04,0,Manual CPC
4/1/2019,Enabled,Collection A V8,USD,300,Daily,Search,"3,006",270,8.98%,211.92,0,0,0,0.00%,116,0.78,0,Manual CPC
7/1/2019,Enabled,Collection A V8,USD,300,Daily,Search,"1,824",156,8.55%,162.6,0,0,0,0.00%,79,1.04,0,Manual CPC
4/8/2019,Enabled,Collection A V8,USD,300,Daily,Search,"3,294",246,7.47%,229.02,0,0,0,0.00%,63,0.93,0,Manual CPC
4/22/2019,Enabled,Collection A V8,USD,300,Daily,Search,"3,252",264,8.12%,211.5,0,0,0,0.00%,164,0.8,0,Manual CPC
4/29/2019,Enabled,Collection A V8,USD,300,Daily,Search,"4,104",450,10.96%,375.9,0,0,0,0.00%,134,0.84,0,Manual CPC
5/13/2019,Enabled,Collection A V8,USD,300,Daily,Search,"1,860",264,14.19%,273.54,0,0,0,0.00%,105,1.04,0,Manual CPC
6/10/2019,Enabled,Collection A V8,USD,300,Daily,Search,"1,680",234,13.93%,255.48,1.2,180,0.7,0.51%,342,1.09,212.9,Manual CPC
4/15/2019,Enabled,Collection A V8,USD,300,Daily,Search,"2,682",204,7.61%,197.16,0,0,0,0.00%,212,0.97,0,Manual CPC
5/6/2019,Enabled,Collection A V8,USD,300,Daily,Search,"2,472",216,8.74%,166.98,0,0,0,0.00%,98,0.77,0,Manual CPC
5/27/2019,Enabled,Collection A V8,USD,300,Daily,Search,"2,076",282,13.58%,317.52,0,0,0,0.00%,169,1.13,0,Manual CPC
6/3/2019,Enabled,Collection A V8,USD,300,Daily,Search,"1,596",174,10.90%,208.92,0,0,0,0.00%,86,1.2,0,Manual CPC
7/8/2019,Enabled,Collection A V8,USD,300,Daily,Search,"1,146",96,8.38%,102.66,0,0,0,0.00%,74,1.07,0,Manual CPC
6/17/2019,Enabled,Collection A V8,USD,300,Daily,Search,"1,602",168,10.49%,176.52,0,0,0,0.00%,210,1.05,0,Manual CPC
6/24/2019,Enabled,Collection A V8,USD,300,Daily,Search,"1,860",246,13.23%,262.32,6,12839.76,48.95,2.44%,300,1.07,43.72,Manual CPC
4/29/2019,Enabled,Collection B -  - New Keywords,USD,120,Daily,Search,0,0, --,0,0,0,0,0.00%, --, --,0,CPC (enhanced)
5/6/2019,Enabled,Collection B -  - New Keywords,USD,120,Daily,Search,"55,206",414,0.75%,516.36,0,0,0,0.00%,12,1.25,0,CPC (enhanced)
7/1/2019,Enabled,Collection B -  - New Keywords,USD,120,Daily,Search,"55,398",300,0.54%,317.4,0,0,0,0.00%,31,1.06,0,CPC (enhanced)
4/1/2019,Enabled,Collection B -  - New Keywords,USD,120,Daily,Search,0,0, --,0,0,0,0,0.00%, --, --,0,CPC (enhanced)
4/8/2019,Enabled,Collection B -  - New Keywords,USD,120,Daily,Search,0,0, --,0,0,0,0,0.00%, --, --,0,CPC (enhanced)
4/15/2019,Enabled,Collection B -  - New Keywords,USD,120,Daily,Search,0,0, --,0,0,0,0,0.00%, --, --,0,CPC (enhanced)
6/17/2019,Enabled,Collection B -  - New Keywords,USD,120,Daily,Search,"76,638",186,0.24%,194.94,0,0,0,0.00%,22,1.05,0,CPC (enhanced)
4/22/2019,Enabled,Collection B -  - New Keywords,USD,120,Daily,Search,0,0, --,0,0,0,0,0.00%, --, --,0,CPC (enhanced)
5/13/2019,Enabled,Collection B -  - New Keywords,USD,120,Daily,Search,"51,906",306,0.59%,349.56,0,0,0,0.00%,46,1.14,0,CPC (enhanced)
6/3/2019,Enabled,Collection B -  - New Keywords,USD,120,Daily,Search,"90,630",228,0.25%,237.72,0,0,0,0.00%,16,1.04,0,CPC (enhanced)
6/10/2019,Enabled,Collection B -  - New Keywords,USD,120,Daily,Search,"65,442",168,0.26%,187.98,0,0,0,0.00%,73,1.12,0,CPC (enhanced)
6/24/2019,Enabled,Collection B -  - New Keywords,USD,120,Daily,Search,"63,954",174,0.27%,177.6,0,0,0,0.00%,26,1.02,0,CPC (enhanced)
7/8/2019,Enabled,Collection B -  - New Keywords,USD,120,Daily,Search,"36,186",138,0.38%,138.72,0,0,0,0.00%,11,1.01,0,CPC (enhanced)
5/20/2019,Enabled,Collection B -  - New Keywords,USD,120,Daily,Search,"51,816",264,0.51%,295.56,0,0,0,0.00%,41,1.12,0,CPC (enhanced)
5/27/2019,Enabled,Collection B -  - New Keywords,USD,120,Daily,Search,"56,802",282,0.50%,308.34,0,0,0,0.00%,50,1.09,0,CPC (enhanced)
4/22/2019,Enabled,Collection B - Smart Search,USD,120,Daily,Search,"21,822","1,308",5.99%,1753.02,22.02,12199.8,7.08,1.70%,207,1.34,78.37,Maximize Conversions
5/27/2019,Enabled,Collection B - Smart Search,USD,120,Daily,Search,"20,616","1,632",7.92%,762.66,21.18,7310.7,9.59,1.30%,237,0.47,35.97,Maximize Conversions
6/3/2019,Enabled,Collection B - Smart Search,USD,120,Daily,Search,"38,706","2,124",5.49%,839.22,60,40963.86,48.81,2.82%,201,0.4,13.99,Maximize Conversions
6/17/2019,Enabled,Collection B - Smart Search,USD,120,Daily,Search,"29,184","1,884",6.46%,771.78,6,6599.82,8.55,0.32%,174,0.41,128.63,Maximize Conversions
5/6/2019,Enabled,Collection B - Smart Search,USD,120,Daily,Search,"56,340","1,644",2.92%,888.12,37.5,31319.1,35.26,2.28%,205,0.54,23.68,Maximize Conversions
7/8/2019,Enabled,Collection B - Smart Search,USD,120,Daily,Search,"43,650","1,824",4.18%,639.72,21,8750.7,13.68,1.15%,219,0.35,30.46,Maximize Conversions
4/8/2019,Enabled,Collection B - Smart Search,USD,120,Daily,Search,0,0, --,0,0,0,0,0.00%, --, --,0,Maximize Conversions
4/15/2019,Enabled,Collection B - Smart Search,USD,120,Daily,Search,"13,632","1,476",10.83%,326.1,36,9749.7,30.68,2.51%,222,0.22,8.83,Maximize Conversions
4/29/2019,Enabled,Collection B - Smart Search,USD,120,Daily,Search,"37,188","2,478",6.66%,1234.44,58.02,26494.98,21.6,2.38%,241,0.5,21.15,Maximize Conversions
5/13/2019,Enabled,Collection B - Smart Search,USD,120,Daily,Search,"64,236","1,302",2.03%,891.12,11.52,2309.76,2.6,0.89%,247,0.68,77.13,Maximize Conversions
5/20/2019,Enabled,Collection B - Smart Search,USD,120,Daily,Search,"46,278","1,494",3.23%,848.28,35.34,10353.6,12.21,2.37%,217,0.57,23.99,Maximize Conversions
6/10/2019,Enabled,Collection B - Smart Search,USD,120,Daily,Search,"56,808","2,130",3.75%,904.44,25.02,3719.7,4.11,1.17%,224,0.42,36.18,Maximize Conversions
6/24/2019,Enabled,Collection B - Smart Search,USD,120,Daily,Search,"50,724","2,118",4.18%,877.74,48,18869.16,21.5,2.27%,212,0.41,18.29,Maximize Conversions
7/1/2019,Enabled,Collection B - Smart Search,USD,120,Daily,Search,"42,516","2,346",5.52%,829.92,35.52,7549.68,9.1,1.51%,238,0.35,23.38,Maximize Conversions
4/1/2019,Enabled,Collection B - Smart Search,USD,120,Daily,Search,0,0, --,0,0,0,0,0.00%, --, --,0,Maximize Conversions
4/15/2019,Enabled,Collection B - Shopping - Traffic,USD,180,Daily,Shopping,"3,274,518","86,790",2.65%,4710.06,12,4709.94,1,0.01%,26,0.05,392.51,Maximize Conversion Value
4/29/2019,Enabled,Collection B - Shopping - Traffic,USD,180,Daily,Shopping,"212,802","2,706",1.27%,498.18,6,1199.88,2.41,0.22%,45,0.18,83.03,Maximize Conversion Value
5/13/2019,Enabled,Collection B - Shopping - Traffic,USD,180,Daily,Shopping,"532,644","4,776",0.90%,888.24,12,15689.46,17.66,0.25%,36,0.19,74.02,Maximize Conversion Value
6/10/2019,Enabled,Collection B - Shopping - Traffic,USD,180,Daily,Shopping,"712,182","9,492",1.33%,1331.16,6,419.94,0.32,0.06%,39,0.14,221.86,Maximize Conversion Value
6/17/2019,Enabled,Collection B - Shopping - Traffic,USD,180,Daily,Shopping,"501,876","6,792",1.35%,1262.88,12,7211.82,5.71,0.18%,48,0.19,105.24,Maximize Conversion Value
6/24/2019,Enabled,Collection B - Shopping - Traffic,USD,180,Daily,Shopping,"451,848","5,820",1.29%,1232.7,3.6,2591.94,2.1,0.06%,64,0.21,342.42,Maximize Conversion Value
4/22/2019,Enabled,Collection B - Shopping - Traffic,USD,180,Daily,Shopping,"414,828","5,538",1.34%,1372.56,18,10079.82,7.34,0.33%,32,0.25,76.25,Maximize Conversion Value
5/20/2019,Enabled,Collection B - Shopping - Traffic,USD,180,Daily,Shopping,"955,992","6,228",0.65%,1288.2,3,660,0.51,0.05%,46,0.21,429.4,Maximize Conversion Value
5/27/2019,Enabled,Collection B - Shopping - Traffic,USD,180,Daily,Shopping,"639,522","6,030",0.94%,1246.14,0,0,0,0.00%,53,0.21,0,Maximize Conversion Value
6/3/2019,Enabled,Collection B - Shopping - Traffic,USD,180,Daily,Shopping,"589,500","6,474",1.10%,1288.02,12,6161.94,4.78,0.19%,45,0.2,107.34,Maximize Conversion Value
7/1/2019,Enabled,Collection B - Shopping - Traffic,USD,180,Daily,Shopping,"553,326","5,988",1.08%,1242.06,25.38,6318.9,5.09,0.42%,66,0.21,48.9,Maximize Conversion Value
7/8/2019,Enabled,Collection B - Shopping - Traffic,USD,180,Daily,Shopping,"445,866","4,800",1.08%,920.34,12,4644,5.05,0.25%,62,0.19,76.69,Maximize Conversion Value
4/1/2019,Enabled,Collection B - Shopping - Traffic,USD,180,Daily,Shopping,"974,688","16,938",1.74%,4213.62,0,0,0,0.00%,15,0.25,0,Maximize Conversion Value
4/8/2019,Enabled,Collection B - Shopping - Traffic,USD,180,Daily,Shopping,"949,104","16,296",1.72%,6535.44,36,18425.1,2.82,0.22%,36,0.4,181.54,Maximize Conversion Value
5/6/2019,Enabled,Collection B - Shopping - Traffic,USD,180,Daily,Shopping,"434,634","5,226",1.20%,997.62,6,839.94,0.84,0.11%,33,0.19,166.27,Maximize Conversion Value
5/6/2019,Enabled,Collection B--JoJo Siwa,USD,660,Daily,Search,0,0, --,0,0,0,0,0.00%, --, --,0,Maximize clicks
6/10/2019,Enabled,Collection B--JoJo Siwa,USD,660,Daily,Search,"33,744",834,2.47%,1035.84,0,0,0,0.00%,22,1.24,0,Maximize clicks
7/1/2019,Enabled,Collection B--JoJo Siwa,USD,660,Daily,Search,"37,614","1,056",2.81%,1234.32,0,0,0,0.00%,59,1.17,0,Maximize clicks
7/8/2019,Enabled,Collection B--JoJo Siwa,USD,660,Daily,Search,"28,524",720,2.52%,921.24,0,0,0,0.00%,19,1.28,0,Maximize clicks
4/1/2019,Enabled,Collection B--JoJo Siwa,USD,660,Daily,Search,0,0, --,0,0,0,0,0.00%, --, --,0,Maximize clicks
4/8/2019,Enabled,Collection B--JoJo Siwa,USD,660,Daily,Search,0,0, --,0,0,0,0,0.00%, --, --,0,Maximize clicks
4/22/2019,Enabled,Collection B--JoJo Siwa,USD,660,Daily,Search,0,0, --,0,0,0,0,0.00%, --, --,0,Maximize clicks
4/29/2019,Enabled,Collection B--JoJo Siwa,USD,660,Daily,Search,0,0, --,0,0,0,0,0.00%, --, --,0,Maximize clicks
5/13/2019,Enabled,Collection B--JoJo Siwa,USD,660,Daily,Search,"147,906","2,202",1.49%,1833.78,6,179.94,0.1,0.28%,18,0.83,300.67,Maximize clicks
5/20/2019,Enabled,Collection B--JoJo Siwa,USD,660,Daily,Search,"51,168",798,1.56%,897.6,6,1319.94,1.48,0.76%,29,1.12,148.51,Maximize clicks
6/3/2019,Enabled,Collection B--JoJo Siwa,USD,660,Daily,Search,"37,944",888,2.34%,1064.28,0,0,0,0.00%,44,1.2,0,Maximize clicks
4/15/2019,Enabled,Collection B--JoJo Siwa,USD,660,Daily,Search,0,0, --,0,0,0,0,0.00%, --, --,0,Maximize clicks
5/27/2019,Enabled,Collection B--JoJo Siwa,USD,660,Daily,Search,"46,770",912,1.95%,1076.76,0,0,0,0.00%,34,1.18,0,Maximize clicks
6/17/2019,Enabled,Collection B--JoJo Siwa,USD,660,Daily,Search,"37,188",834,2.24%,996.36,0,0,0,0.00%,31,1.19,0,Maximize clicks
6/24/2019,Enabled,Collection B--JoJo Siwa,USD,660,Daily,Search,"39,750","1,020",2.57%,1223.04,0,0,0,0.00%,42,1.2,0,Maximize clicks
5/13/2019,Enabled,Collection A - Display - Retargeting,USD,120,Daily,Display,"396,768","4,434",1.12%,829.8,6,989.88,1.19,0.14%,45,0.19,138.3,Manual CPC
5/20/2019,Enabled,Collection A - Display - Retargeting,USD,120,Daily,Display,"412,344","4,524",1.10%,815.46,6,2099.88,2.58,0.13%,47,0.18,135.91,Manual CPC
6/17/2019,Enabled,Collection A - Display - Retargeting,USD,120,Daily,Display,"410,586","4,662",1.14%,849.06,0,0,0,0.00%,38,0.18,0,Manual CPC
4/22/2019,Enabled,Collection A - Display - Retargeting,USD,120,Daily,Display,"400,512","4,500",1.12%,823.2,0,0,0,0.00%,29,0.18,0,Manual CPC
6/3/2019,Enabled,Collection A - Display - Retargeting,USD,120,Daily,Display,"411,294","4,704",1.14%,869.58,0,0,0,0.00%,30,0.18,0,Manual CPC
6/24/2019,Enabled,Collection A - Display - Retargeting,USD,120,Daily,Display,"338,406","4,614",1.36%,814.98,0,0,0,0.00%,25,0.18,0,Manual CPC
7/8/2019,Enabled,Collection A - Display - Retargeting,USD,120,Daily,Display,"269,676","3,408",1.26%,602.16,0,0,0,0.00%,47,0.18,0,Manual CPC
4/15/2019,Enabled,Collection A - Display - Retargeting,USD,120,Daily,Display,"404,490","4,818",1.19%,870.24,0,0,0,0.00%,28,0.18,0,Manual CPC
4/29/2019,Enabled,Collection A - Display - Retargeting,USD,120,Daily,Display,"429,378","4,644",1.08%,860.1,6,5639.76,6.56,0.13%,42,0.19,143.35,Manual CPC
6/10/2019,Enabled,Collection A - Display - Retargeting,USD,120,Daily,Display,"393,468","4,908",1.25%,875.34,0,0,0,0.00%,31,0.18,0,Manual CPC
7/1/2019,Enabled,Collection A - Display - Retargeting,USD,120,Daily,Display,"360,822","4,932",1.37%,842.58,0,0,0,0.00%,45,0.17,0,Manual CPC
4/1/2019,Enabled,Collection A - Display - Retargeting,USD,120,Daily,Display,"410,952","4,506",1.10%,873.36,0,0,0,0.00%,32,0.19,0,Manual CPC
4/8/2019,Enabled,Collection A - Display - Retargeting,USD,120,Daily,Display,"390,342","4,596",1.18%,865.32,12,869.88,1.01,0.26%,30,0.19,72.11,Manual CPC
5/6/2019,Enabled,Collection A - Display - Retargeting,USD,120,Daily,Display,"398,994","4,680",1.17%,828.42,6,389.94,0.47,0.13%,48,0.18,138.07,Manual CPC
5/27/2019,Enabled,Collection A - Display - Retargeting,USD,120,Daily,Display,"378,492","4,308",1.14%,783.06,0,0,0,0.00%,56,0.18,0,Manual CPC
4/15/2019,Enabled,Collection A - Shopping - Retargeting,USD,420,Daily,Shopping,"13,992",138,0.99%,161.1,0,0,0,0.00%,39,1.17,0,CPC (enhanced)
5/6/2019,Enabled,Collection A - Shopping - Retargeting,USD,420,Daily,Shopping,"44,274","1,044",2.36%,868.08,0,0,0,0.00%,128,0.85,0,CPC (enhanced)
6/10/2019,Enabled,Collection A - Shopping - Retargeting,USD,420,Daily,Shopping,"24,876",792,3.18%,886.74,0,0,0,0.00%,139,1.09,0,CPC (enhanced)
7/8/2019,Enabled,Collection A - Shopping - Retargeting,USD,420,Daily,Shopping,"59,526","1,428",2.40%,1422.3,9,1390.5,0.98,0.63%,193,1.05,158.03,CPC (enhanced)
4/1/2019,Enabled,Collection A - Shopping - Retargeting,USD,420,Daily,Shopping,"10,044",144,1.43%,168.36,0,0,0,0.00%,76,1.17,0,CPC (enhanced)
4/22/2019,Enabled,Collection A - Shopping - Retargeting,USD,420,Daily,Shopping,"17,124",138,0.81%,142.8,16.02,2199.84,15.41,11.59%,144,1.03,8.93,CPC (enhanced)
5/27/2019,Enabled,Collection A - Shopping - Retargeting,USD,420,Daily,Shopping,"25,236",852,3.38%,764.7,0.84,728.58,0.95,0.10%,173,0.97,892.15,CPC (enhanced)
6/17/2019,Enabled,Collection A - Shopping - Retargeting,USD,420,Daily,Shopping,"65,100","1,902",2.92%,1866.06,0,0,0,0.00%,162,0.94,0,CPC (enhanced)
6/24/2019,Enabled,Collection A - Shopping - Retargeting,USD,420,Daily,Shopping,"87,780","2,346",2.67%,2363.1,21,18524.58,7.84,0.90%,210,1.04,112.53,CPC (enhanced)
4/8/2019,Enabled,Collection A - Shopping - Retargeting,USD,420,Daily,Shopping,"18,402",114,0.62%,124.2,0,0,0,0.00%,91,1.09,0,CPC (enhanced)
5/13/2019,Enabled,Collection A - Shopping - Retargeting,USD,420,Daily,Shopping,"45,270","1,080",2.39%,990.84,2.88,2874.18,2.9,0.26%,168,0.92,346.79,CPC (enhanced)
5/20/2019,Enabled,Collection A - Shopping - Retargeting,USD,420,Daily,Shopping,"49,032","1,212",2.47%,1129.02,6,389.94,0.35,0.50%,174,1.01,188.17,CPC (enhanced)
6/3/2019,Enabled,Collection A - Shopping - Retargeting,USD,420,Daily,Shopping,"29,736","1,008",3.39%,873,3,2519.94,2.89,0.30%,155,0.88,291,CPC (enhanced)
4/29/2019,Enabled,Collection A - Shopping - Retargeting,USD,420,Daily,Shopping,"18,984",174,0.92%,173.04,0,0,0,0.00%,25,0.99,0,CPC (enhanced)
7/1/2019,Enabled,Collection A - Shopping - Retargeting,USD,420,Daily,Shopping,"83,184","1,884",2.26%,1876.32,4.02,3196.98,1.7,0.21%,180,1.03,469.08,CPC (enhanced)
5/6/2019,Enabled,Collection A - Shopping - Traffic,USD,900,Daily,Shopping,"2,351,184","13,920",0.59%,6567.84,68.34,59965.56,9.13,0.49%,110,0.47,96.08,Maximize Conversion Value
7/1/2019,Enabled,Collection A - Shopping - Traffic,USD,900,Daily,Shopping,"2,402,376","14,736",0.61%,6335.64,21,19481.76,3.07,0.14%,98,0.43,301.7,Maximize Conversion Value
4/8/2019,Enabled,Collection A - Shopping - Traffic,USD,900,Daily,Shopping,"2,320,668","24,276",1.05%,7260.96,85.98,81702.36,11.25,0.35%,67,0.3,84.43,Maximize Conversion Value
4/22/2019,Enabled,Collection A - Shopping - Traffic,USD,900,Daily,Shopping,"2,138,820","17,124",0.80%,7199.76,45.48,37678.8,5.23,0.27%,104,0.42,158.24,Maximize Conversion Value
4/29/2019,Enabled,Collection A - Shopping - Traffic,USD,900,Daily,Shopping,"2,467,632","15,930",0.65%,6932.1,21.78,21959.46,3.17,0.14%,99,0.44,318.72,Maximize Conversion Value
6/10/2019,Enabled,Collection A - Shopping - Traffic,USD,900,Daily,Shopping,"2,058,294","14,958",0.73%,6412.68,41.82,37836.78,5.9,0.28%,100,0.43,153.42,Maximize Conversion Value
4/15/2019,Enabled,Collection A - Shopping - Traffic,USD,900,Daily,Shopping,"1,913,562","19,194",1.00%,6605.64,58.5,51673.14,7.82,0.30%,82,0.34,112.92,Maximize Conversion Value
5/13/2019,Enabled,Collection A - Shopping - Traffic,USD,900,Daily,Shopping,"2,417,484","13,740",0.57%,5732.4,49.8,41606.16,7.26,0.36%,101,0.42,115.08,Maximize Conversion Value
5/20/2019,Enabled,Collection A - Shopping - Traffic,USD,900,Daily,Shopping,"3,116,238","16,680",0.54%,6354.96,47.7,36759.9,5.78,0.29%,108,0.38,133.19,Maximize Conversion Value
5/27/2019,Enabled,Collection A - Shopping - Traffic,USD,900,Daily,Shopping,"2,794,470","16,608",0.59%,6321.72,34.68,32905.62,5.21,0.21%,87,0.38,182.18,Maximize Conversion Value
6/3/2019,Enabled,Collection A - Shopping - Traffic,USD,900,Daily,Shopping,"2,056,536","15,384",0.75%,6261.54,34.86,34650.12,5.53,0.23%,93,0.41,179.63,Maximize Conversion Value
6/17/2019,Enabled,Collection A - Shopping - Traffic,USD,900,Daily,Shopping,"2,711,166","17,718",0.65%,6463.5,32.34,31962.6,4.95,0.18%,90,0.36,199.9,Maximize Conversion Value
4/1/2019,Enabled,Collection A - Shopping - Traffic,USD,900,Daily,Shopping,"1,972,896","16,944",0.86%,6954.84,52.98,46748.22,6.72,0.31%,88,0.41,131.22,Maximize Conversion Value
6/24/2019,Enabled,Collection A - Shopping - Traffic,USD,900,Daily,Shopping,"2,152,908","16,482",0.77%,6329.34,38.52,47978.76,7.58,0.23%,104,0.38,164.4,Maximize Conversion Value
7/8/2019,Enabled,Collection A - Shopping - Traffic,USD,900,Daily,Shopping,"1,318,992","9,174",0.70%,4240.86,1.5,1320,0.31,0.02%,123,0.46,2827.22,Maximize Conversion Value
4/1/2019,Enabled,Collection A - Smart Search,USD,480,Daily,Search,"32,556","7,578",23.28%,870.9,185.52,94064.16,109.17,2.49%,233,0.11,4.64,Maximize Conversions
7/1/2019,Enabled,Collection A - Smart Search,USD,480,Daily,Search,"267,372","9,282",3.47%,3441.06,147.78,88866.48,25.83,1.59%,242,0.37,23.28,Maximize Conversions
4/8/2019,Enabled,Collection A - Smart Search,USD,480,Daily,Search,"30,942","7,380",23.85%,830.04,133.68,76522.8,94.28,1.86%,236,0.11,6.07,Maximize Conversions
4/15/2019,Enabled,Collection A - Smart Search,USD,480,Daily,Search,"51,366","6,378",12.42%,878.04,109.8,42829.92,49.77,1.77%,222,0.14,7.84,Maximize Conversions
4/29/2019,Enabled,Collection A - Smart Search,USD,480,Daily,Search,"46,410","6,498",14.00%,778.68,133.14,63951.66,83.38,2.07%,255,0.12,5.76,Maximize Conversions
5/20/2019,Enabled,Collection A - Smart Search,USD,480,Daily,Search,"30,030","4,548",15.14%,834.6,55.98,49900.5,62.23,1.26%,242,0.18,14.32,Maximize Conversions
5/27/2019,Enabled,Collection A - Smart Search,USD,480,Daily,Search,"35,028","5,196",14.83%,789.42,81,51718.62,67.05,1.60%,243,0.15,9.52,Maximize Conversions
6/10/2019,Enabled,Collection A - Smart Search,USD,480,Daily,Search,"47,694","5,328",11.17%,848.28,86.52,51201.42,60.36,1.62%,244,0.16,9.81,Maximize Conversions
6/24/2019,Enabled,Collection A - Smart Search,USD,480,Daily,Search,"313,782","8,544",2.72%,3697.68,143.94,63847.68,17.27,1.68%,232,0.43,25.69,Maximize Conversions
5/6/2019,Enabled,Collection A - Smart Search,USD,480,Daily,Search,"76,230","4,956",6.50%,858.66,128.16,62461.26,73.37,2.63%,252,0.17,6.64,Maximize Conversions
5/13/2019,Enabled,Collection A - Smart Search,USD,480,Daily,Search,"66,474","4,032",6.07%,815.52,64.74,34088.4,42.46,1.65%,226,0.2,12.4,Maximize Conversions
6/3/2019,Enabled,Collection A - Smart Search,USD,480,Daily,Search,"50,550","6,144",12.15%,884.7,144.48,79166.94,90.43,2.37%,263,0.14,6.06,Maximize Conversions
4/22/2019,Enabled,Collection A - Smart Search,USD,480,Daily,Search,"39,840","6,306",15.83%,848.34,135.9,113648.7,136.31,2.20%,235,0.13,6.14,Maximize Conversions
6/17/2019,Enabled,Collection A - Smart Search,USD,480,Daily,Search,"114,066","7,188",6.30%,1611.24,205.26,135991.32,84.4,2.86%,254,0.22,7.85,Maximize Conversions
7/8/2019,Enabled,Collection A - Smart Search,USD,480,Daily,Search,"215,610","7,086",3.29%,2263.98,92.52,62069.52,27.42,1.31%,223,0.32,24.48,Maximize Conversions
5/6/2019,Enabled,Collection A - Video - Traffic,USD,180,Daily,Video,"107,562","36,906",34.31%,1248,0,0,0,0.00%,53,2.29,0,Maximize Conversions
6/10/2019,Enabled,Collection A - Video - Traffic,USD,180,Daily,Video,"53,394","17,934",33.59%,1287.9,0,0,0,0.00%,30,4.99,0,Maximize Conversions
4/8/2019,Enabled,Collection A - Video - Traffic,USD,180,Daily,Video,"140,082","46,680",33.32%,1822.08,0,0,0,0.00%,24,2.76,0,Maximize Conversions
6/17/2019,Enabled,Collection A - Video - Traffic,USD,180,Daily,Video,"51,528","16,500",32.02%,1283.46,0,0,0,0.00%,13,5.78,0,Maximize Conversions
7/8/2019,Enabled,Collection A - Video - Traffic,USD,180,Daily,Video,"39,186","11,352",28.97%,902.58,0,0,0,0.00%,50,4.07,0,Maximize Conversions
4/1/2019,Enabled,Collection A - Video - Traffic,USD,180,Daily,Video,642,120,18.69%,5.7,0,0,0,0.00%, --, --,0,Maximize Conversions
4/15/2019,Enabled,Collection A - Video - Traffic,USD,180,Daily,Video,"103,152","36,114",35.01%,1271.76,0,0,0,0.00%,14,2.21,0,Maximize Conversions
5/13/2019,Enabled,Collection A - Video - Traffic,USD,180,Daily,Video,"85,428","29,424",34.44%,1217.52,0,0,0,0.00%,23,3.17,0,Maximize Conversions
5/20/2019,Enabled,Collection A - Video - Traffic,USD,180,Daily,Video,"81,972","29,658",36.18%,1228.86,0,0,0,0.00%,14,2.88,0,Maximize Conversions
6/3/2019,Enabled,Collection A - Video - Traffic,USD,180,Daily,Video,"80,346","26,718",33.25%,1299.54,0,0,0,0.00%,60,3.61,0,Maximize Conversions
4/22/2019,Enabled,Collection A - Video - Traffic,USD,180,Daily,Video,"99,570","33,804",33.95%,1239.06,0,0,0,0.00%,17,2.04,0,Maximize Conversions
4/29/2019,Enabled,Collection A - Video - Traffic,USD,180,Daily,Video,"111,852","38,382",34.31%,1262.88,0,0,0,0.00%,129,1.81,0,Maximize Conversions
5/27/2019,Enabled,Collection A - Video - Traffic,USD,180,Daily,Video,"86,622","30,228",34.90%,1217.88,0,0,0,0.00%,91,2.28,0,Maximize Conversions
6/24/2019,Enabled,Collection A - Video - Traffic,USD,180,Daily,Video,"49,122","17,082",34.77%,1241.22,0,0,0,0.00%,76,6.9,0,Maximize Conversions
7/1/2019,Enabled,Collection A - Video - Traffic,USD,180,Daily,Video,"61,686","20,082",32.56%,1249.68,0,0,0,0.00%,51,3.47,0,Maximize Conversions
4/1/2019,Enabled,Collection C shopping,USD,120,Daily,Shopping,"103,669","1,709",1.65%,431.05,39.77,"6,085.20",14.12,2%,61,0.25,10.84,Maximize Conversion Value
5/13/2019,Enabled,Collection C shopping,USD,120,Daily,Shopping,"84,653","1,105",1.31%,401.44,11.42,"1,544.23",3.85,1%,58,0.36,35.16,Maximize Conversion Value
5/20/2019,Enabled,Collection C shopping,USD,120,Daily,Shopping,"110,158","1,322",1.20%,437.3,17.05,"2,403.69",5.5,1%,70,0.33,25.65,Maximize Conversion Value
6/10/2019,Enabled,Collection C shopping,USD,120,Daily,Shopping,"58,098","1,237",2.13%,424.58,37.81,"8,780.41",20.68,3%,76,0.34,11.23,Maximize Conversion Value
4/8/2019,Enabled,Collection C shopping,USD,120,Daily,Shopping,"101,560","1,557",1.53%,399.26,17.08,"3,303.15",8.27,1%,56,0.26,23.37,Maximize Conversion Value
5/6/2019,Enabled,Collection C shopping,USD,120,Daily,Shopping,"95,489","1,084",1.14%,398.65,8.17,"1,989.25",4.99,1%,55,0.37,48.81,Maximize Conversion Value
5/27/2019,Enabled,Collection C shopping,USD,120,Daily,Shopping,"104,230","1,415",1.36%,439.66,26.12,"4,260.32",9.69,2%,60,0.31,16.83,Maximize Conversion Value
7/1/2019,Enabled,Collection C shopping,USD,120,Daily,Shopping,"103,618","1,933",1.87%,843.38,32.94,"4,054.82",4.81,2%,74,0.44,25.61,Maximize Conversion Value
7/8/2019,Enabled,Collection C shopping,USD,120,Daily,Shopping,"80,605","1,339",1.66%,603.73,19.75,"5,145.89",8.52,1%,71,0.45,30.57,Maximize Conversion Value
4/22/2019,Enabled,Collection C shopping,USD,120,Daily,Shopping,"111,314","1,249",1.12%,392.58,19,"4,754.84",12.11,2%,59,0.31,20.66,Maximize Conversion Value
6/17/2019,Enabled,Collection C shopping,USD,120,Daily,Shopping,"84,005","1,569",1.87%,586.29,36.43,"6,154.33",10.5,2%,77,0.37,16.09,Maximize Conversion Value
4/15/2019,Enabled,Collection C shopping,USD,120,Daily,Shopping,"77,680","1,459",1.88%,401.3,12.17,"1,804.89",4.5,1%,54,0.28,32.98,Maximize Conversion Value
4/29/2019,Enabled,Collection C shopping,USD,120,Daily,Shopping,"95,044","1,106",1.16%,397.82,11.5,"1,435.30",3.61,1%,56,0.36,34.59,Maximize Conversion Value
6/3/2019,Enabled,Collection C shopping,USD,120,Daily,Shopping,"72,875","1,454",2.00%,426.16,30.4,"4,899.11",11.5,2%,67,0.29,14.02,Maximize Conversion Value
6/24/2019,Enabled,Collection C shopping,USD,120,Daily,Shopping,"112,354","1,894",1.69%,825.38,32.32,"3,911.51",4.74,2%,72,0.44,25.54,Maximize Conversion Value
4/15/2019,Enabled,Collection C Search,USD,20,Daily,Search,0,0, --,0,0,0,0,, --, --,0,CPC (enhanced)
4/29/2019,Enabled,Collection C Search,USD,20,Daily,Search,0,0, --,0,0,0,0,, --, --,0,CPC (enhanced)
6/17/2019,Enabled,Collection C Search,USD,20,Daily,Search,"4,959",338,6.82%,347.93,5.17,613.16,1.76,2%,32,1.03,67.34,CPC (enhanced)
4/8/2019,Enabled,Collection C Search,USD,20,Daily,Search,0,0, --,0,0,0,0,, --, --,0,CPC (enhanced)
6/10/2019,Enabled,Collection C Search,USD,20,Daily,Search,"5,862",389,6.64%,430.79,1.39,169.46,0.39,0%,36,1.11,309.29,CPC (enhanced)
4/1/2019,Enabled,Collection C Search,USD,20,Daily,Search,0,0, --,0,0,0,0,, --, --,0,CPC (enhanced)
4/22/2019,Enabled,Collection C Search,USD,20,Daily,Search,0,0, --,0,0,0,0,, --, --,0,CPC (enhanced)
5/6/2019,Enabled,Collection C Search,USD,20,Daily,Search,58,2,3.45%,1.58,0,0,0,0%,0,0.79,0,CPC (enhanced)
5/27/2019,Enabled,Collection C Search,USD,20,Daily,Search,"5,800",322,5.55%,409.61,3.33,455.14,1.12,1%,21,1.27,121.39,CPC (enhanced)
6/24/2019,Enabled,Collection C Search,USD,20,Daily,Search,"2,449",155,6.33%,139.25,1.5,182,1.31,1%,47,0.9,92.83,CPC (enhanced)
7/8/2019,Enabled,Collection C Search,USD,20,Daily,Search,"1,966",103,5.24%,101.01,1,129.99,1.29,1%,20,0.98,101.01,CPC (enhanced)
5/13/2019,Enabled,Collection C Search,USD,20,Daily,Search,"4,818",245,5.09%,317.56,2,279.98,0.92,1%,43,1.3,152.17,CPC (enhanced)
5/20/2019,Enabled,Collection C Search,USD,20,Daily,Search,"6,844",335,4.89%,426.45,0.5,70,0.17,0%,38,1.27,824.56,CPC (enhanced)
6/3/2019,Enabled,Collection C Search,USD,20,Daily,Search,"5,966",396,6.64%,441.12,0.2,23.4,0.05,0%,26,1.11,2195.6,CPC (enhanced)
7/1/2019,Enabled,Collection C Search,USD,20,Daily,Search,"2,431",160,6.58%,146.71,2,259.98,1.77,1%,62,0.92,73.36,CPC (enhanced)
